,key,trainpct,testpct,fullpct,linecount,runtime
0,67a3c6ac,1.0,1.0,1.0,1,0.00010085105895996094
1,c8f0f002,1.0,1.0,1.0,1,4.9114227294921875e-05
2,d10ecb37,1.0,1.0,1.0,1,2.6941299438476562e-05
3,68b67ca3,1.0,1.0,1.0,1,0.00020694732666015625
4,68b16354,1.0,1.0,1.0,1,2.193450927734375e-05
5,d511f180,1.0,1.0,1.0,1,5.793571472167969e-05
6,9172f3a0,1.0,1.0,1.0,1,0.0001780986785888672
7,b1948b0a,1.0,1.0,1.0,1,8.106231689453125e-05
8,6150a2bd,1.0,1.0,1.0,1,2.384185791015625e-05
9,9dfd6313,1.0,1.0,1.0,1,5.0067901611328125e-05
10,c59eb873,1.0,1.0,1.0,1,0.00013113021850585938
11,74dd1130,1.0,1.0,1.0,1,4.00543212890625e-05
12,ed36ccf7,1.0,1.0,1.0,1,5.6743621826171875e-05
13,a416b8f3,1.0,1.0,1.0,1,4.7206878662109375e-05
14,60c09cac,1.0,1.0,1.0,1,0.0002009868621826172
15,3c9b0459,1.0,1.0,1.0,1,0.0002751350402832031
16,5614dbcf,1.0,1.0,1.0,2,0.00024199485778808594
17,6fa7a44f,1.0,1.0,1.0,2,2.6941299438476562e-05
18,4c4377d9,1.0,1.0,1.0,2,3.4809112548828125e-05
19,5bd6f4ac,1.0,1.0,1.0,2,4.601478576660156e-05
20,8be77c9e,1.0,1.0,1.0,2,9.703636169433594e-05
21,c9e6f938,1.0,1.0,1.0,2,3.790855407714844e-05
22,6d0aefbc,1.0,1.0,1.0,2,0.0006330013275146484
23,5582e5ca,1.0,1.0,1.0,2,8.392333984375e-05
24,2dee498d,1.0,1.0,1.0,2,0.0038251876831054688
25,d4b1c2b1,1.0,1.0,1.0,2,0.0002789497375488281
26,59341089,1.0,1.0,1.0,3,8.893013000488281e-05
27,0b148d64,1.0,1.0,1.0,3,0.0012772083282470703
28,c1d99e64,1.0,1.0,1.0,3,0.0025641918182373047
29,f25ffba3,1.0,1.0,1.0,3,0.002122163772583008
30,c909285e,1.0,1.0,1.0,3,0.0015442371368408203
31,1f85a75f,1.0,1.0,1.0,3,0.007192850112915039
32,23b5c85d,1.0,1.0,1.0,3,0.041708946228027344
33,7b7f7511,1.0,1.0,1.0,3,0.000244140625
34,3aa6fb7a,1.0,1.0,1.0,3,0.0024912357330322266
35,be94b721,1.0,1.0,1.0,3,0.010709047317504883
36,32597951,1.0,1.0,1.0,3,0.00036787986755371094
37,19bb5feb,1.0,1.0,1.0,3,0.003715038299560547
38,4258a5f9,1.0,1.0,1.0,3,0.0003509521484375
39,ac0a08a4,1.0,1.0,1.0,3,0.002640962600708008
40,b91ae062,1.0,1.0,1.0,3,0.00035190582275390625
41,25ff71a9,1.0,1.0,1.0,3,0.0004260540008544922
42,9a4bb226,1.0,1.0,1.0,3,0.0016779899597167969
43,e7639916,1.0,1.0,1.0,3,0.0009241104125976562
44,1cf80156,1.0,1.0,1.0,3,0.0012440681457519531
45,9ecd008a,1.0,1.0,1.0,3,0.00033402442932128906
46,0c786b71,1.0,1.0,1.0,4,0.00034308433532714844
47,1e0a9b12,1.0,1.0,1.0,4,0.00010800361633300781
48,662c240a,1.0,1.0,1.0,4,0.00012803077697753906
49,3af2c5a8,1.0,1.0,1.0,4,4.887580871582031e-05
50,1e81d6f9,1.0,1.0,1.0,4,0.0003452301025390625
51,67e8384a,1.0,1.0,1.0,4,8.487701416015625e-05
52,bf699163,1.0,1.0,1.0,4,0.0008721351623535156
53,4347f46a,1.0,1.0,1.0,4,0.02594614028930664
54,44d8ac46,1.0,1.0,1.0,4,0.0026340484619140625
55,ae4f1146,1.0,1.0,1.0,4,0.002866983413696289
56,44f52bb0,1.0,1.0,1.0,4,0.00013113021850585938
57,56ff96f3,1.0,1.0,1.0,4,0.001291036605834961
58,f25fbde4,1.0,1.0,1.0,4,0.0009558200836181641
59,3194b014,1.0,1.0,1.0,4,0.03344583511352539
60,7468f01a,1.0,1.0,1.0,4,0.003589153289794922
61,dc1df850,1.0,1.0,1.0,4,0.0010268688201904297
62,46f33fce,1.0,1.0,1.0,4,0.000370025634765625
63,b27ca6d3,1.0,1.0,1.0,4,0.0014801025390625
64,3618c87e,1.0,1.0,1.0,4,0.0006220340728759766
65,50cb2852,1.0,1.0,1.0,4,0.0030050277709960938
66,f0df5ff0,1.0,1.0,1.0,4,0.001085042953491211
67,1a2e2828,1.0,1.0,1.0,4,0.0003440380096435547
68,2dc579da,1.0,1.0,1.0,4,0.00021314620971679688
69,1c786137,1.0,1.0,1.0,4,0.022664785385131836
70,42a50994,1.0,1.0,1.0,4,0.008985042572021484
71,28bf18c6,1.0,1.0,1.0,4,0.0010020732879638672
72,aabf363d,1.0,1.0,1.0,4,0.002706766128540039
73,d56f2372,1.0,1.0,1.0,4,0.0015952587127685547
74,a79310a0,1.0,1.0,1.0,4,0.00047588348388671875
75,ce22a75a,1.0,1.0,1.0,4,0.0008039474487304688
76,62c24649,1.0,1.0,1.0,4,0.0001010894775390625
77,833dafe3,1.0,1.0,1.0,4,0.0001361370086669922
78,0d3d703e,1.0,1.0,1.0,4,0.00024700164794921875
79,a740d043,1.0,1.0,1.0,4,0.0011539459228515625
80,ae58858e,1.0,1.0,1.0,5,0.0017321109771728516
81,41e4d17e,1.0,1.0,1.0,5,0.0017659664154052734
82,2013d3e2,1.0,1.0,1.0,5,0.0010721683502197266
83,9f236235,1.0,1.0,1.0,5,0.01859879493713379
84,e74e1818,1.0,1.0,1.0,5,0.0012247562408447266
85,445eab21,1.0,1.0,1.0,5,0.006345987319946289
86,a699fb00,1.0,1.0,1.0,5,0.00034499168395996094
87,ce9e57f2,1.0,1.0,1.0,5,0.0041370391845703125
88,f76d97a5,1.0,1.0,1.0,5,0.00021600723266601562
89,e872b94a,1.0,1.0,1.0,5,0.0019519329071044922
90,73ccf9c2,1.0,1.0,1.0,5,0.010698080062866211
91,e98196ab,1.0,1.0,1.0,5,0.0179750919342041
92,e0fb7511,1.0,1.0,1.0,5,0.0060460567474365234
93,bc4146bd,1.0,1.0,1.0,5,0.0002510547637939453
94,aedd82e4,1.0,1.0,1.0,5,0.0011909008026123047
95,22eb0ac0,1.0,1.0,1.0,5,0.002316713333129883
96,9565186b,1.0,1.0,1.0,5,0.0004448890686035156
97,cd3c21df,1.0,1.0,1.0,5,0.009806156158447266
98,fc754716,1.0,1.0,1.0,5,0.0009508132934570312
99,5783df64,1.0,1.0,1.0,5,0.0013132095336914062
100,bb43febb,1.0,1.0,1.0,5,0.0034580230712890625
101,642d658d,1.0,1.0,1.0,5,0.0031239986419677734
102,8efcae92,1.0,1.0,1.0,5,0.041319847106933594
103,6f8cd79b,1.0,1.0,1.0,5,0.0012459754943847656
104,73182012,1.0,1.0,1.0,5,0.008524179458618164
105,dae9d2b5,1.0,1.0,1.0,6,0.0003249645233154297
106,10fcaaa3,1.0,1.0,1.0,6,0.00040221214294433594
107,ccd554ac,1.0,1.0,1.0,6,0.000659942626953125
108,ed98d772,1.0,1.0,1.0,6,0.00014591217041015625
109,319f2597,1.0,1.0,1.0,6,0.00531315803527832
110,62ab2642,1.0,1.0,1.0,6,0.013604879379272461
111,00d62c1b,1.0,1.0,1.0,6,0.00825810432434082
112,7b6016b9,1.0,1.0,1.0,6,0.024046897888183594
113,67385a82,1.0,1.0,1.0,6,0.0008761882781982422
114,0520fde7,1.0,1.0,1.0,6,0.00014781951904296875
115,ea32f347,1.0,1.0,1.0,6,0.01201319694519043
116,332efdb3,1.0,1.0,1.0,6,0.0070269107818603516
117,7fe24cdd,1.0,1.0,1.0,6,9.393692016601562e-05
118,e21a174a,1.0,1.0,1.0,6,0.005401134490966797
119,8ee62060,1.0,1.0,1.0,6,0.015796184539794922
120,543a7ed5,1.0,1.0,1.0,6,0.002469778060913086
121,5117e062,1.0,1.0,1.0,6,0.002875804901123047
122,48d8fb45,1.0,1.0,1.0,6,0.0016911029815673828
123,928ad970,1.0,1.0,1.0,6,0.0009000301361083984
124,8d5021e8,1.0,1.0,1.0,6,9.393692016601562e-05
125,48131b3c,1.0,1.0,1.0,6,0.00029087066650390625
126,0ca9ddb6,1.0,1.0,1.0,6,0.0002598762512207031
127,d631b094,1.0,1.0,1.0,6,0.000186920166015625
128,b94a9452,1.0,1.0,1.0,6,0.0018329620361328125
129,d037b0a7,1.0,1.0,1.0,6,0.002276897430419922
130,84db8fc4,1.0,1.0,1.0,6,0.010261058807373047
131,7bb29440,1.0,1.0,1.0,6,0.008255958557128906
132,1c0d0a4b,1.0,1.0,1.0,6,0.004837751388549805
133,7953d61e,1.0,1.0,1.0,6,0.00019025802612304688
134,b60334d2,1.0,1.0,1.0,6,0.0002961158752441406
135,3906de3d,1.0,1.0,1.0,6,0.00047516822814941406
136,32e9702f,1.0,1.0,1.0,6,0.0013959407806396484
137,2546ccf6,1.0,1.0,1.0,6,0.0013401508331298828
138,46442a0e,1.0,1.0,1.0,6,0.00012063980102539062
139,e9afcf9a,1.0,1.0,1.0,6,7.915496826171875e-05
140,d0f5fe59,1.0,1.0,1.0,6,0.001505136489868164
141,e3497940,1.0,1.0,1.0,6,0.0007941722869873047
142,a5313dff,1.0,1.0,1.0,6,0.013527870178222656
143,a934301b,1.0,1.0,1.0,6,0.01691269874572754
144,d406998b,1.0,1.0,1.0,6,0.0004940032958984375
145,c48954c1,1.0,1.0,1.0,7,0.0031828880310058594
146,ded97339,1.0,1.0,1.0,7,0.0014340877532958984
147,bcb3040b,1.0,1.0,1.0,7,0.0005970001220703125
148,a59b95c0,1.0,1.0,1.0,7,0.00019812583923339844
149,b6afb2da,1.0,1.0,1.0,7,0.007295846939086914
150,05f2a901,1.0,1.0,1.0,7,0.001882791519165039
151,496994bd,1.0,1.0,1.0,7,0.0023720264434814453
152,90c28cc7,1.0,1.0,1.0,7,0.024730205535888672
153,85c4e7cd,1.0,1.0,1.0,7,0.005361080169677734
154,5168d44c,1.0,1.0,1.0,7,0.0011508464813232422
155,d23f8c26,1.0,1.0,1.0,7,0.0006432533264160156
156,08ed6ac7,1.0,1.0,1.0,7,0.0008449554443359375
157,66e6c45b,1.0,1.0,1.0,7,0.0006577968597412109
158,dbc1a6ce,1.0,1.0,1.0,7,0.01685190200805664
159,e9614598,1.0,1.0,1.0,7,0.00017786026000976562
160,f5aa3634,1.0,1.0,1.0,7,0.003815889358520508
161,1f876c06,1.0,1.0,1.0,7,0.0006880760192871094
162,363442ee,1.0,1.0,1.0,7,0.0017621517181396484
163,00576224,1.0,1.0,1.0,7,6.723403930664062e-05
164,84f2aca1,1.0,1.0,1.0,7,0.0039670467376708984
165,5521c0d9,1.0,1.0,1.0,7,0.002207040786743164
166,b9b7f026,1.0,1.0,1.0,7,0.018975019454956055
167,64a7c07e,1.0,1.0,1.0,7,0.0017771720886230469
168,55059096,1.0,1.0,1.0,7,0.005264997482299805
169,140c817e,1.0,1.0,1.0,7,0.0015568733215332031
170,40853293,1.0,1.0,1.0,7,0.010540962219238281
171,f823c43c,1.0,1.0,1.0,7,0.001775979995727539
172,007bbfb7,1.0,1.0,1.0,7,0.00048470497131347656
173,c9f8e694,1.0,1.0,1.0,7,0.00036787986755371094
174,d9fac9be,1.0,1.0,1.0,7,0.0030651092529296875
175,f8ff0b80,1.0,1.0,1.0,7,0.0018339157104492188
176,017c7c7b,1.0,1.0,1.0,7,0.00015687942504882812
177,9ddd00f0,1.0,1.0,1.0,7,0.016874074935913086
178,ba97ae07,1.0,1.0,1.0,7,0.0013701915740966797
179,1b2d62fb,1.0,1.0,1.0,7,0.0006229877471923828
180,2072aba6,1.0,1.0,1.0,7,0.0007801055908203125
181,ea786f4a,1.0,1.0,1.0,7,0.0005931854248046875
182,39a8645d,1.0,1.0,1.0,7,0.003470182418823242
183,d5d6de2d,1.0,1.0,1.0,7,0.0038869380950927734
184,d2abd087,1.0,1.0,1.0,7,0.0011069774627685547
185,4f537728,1.0,1.0,1.0,7,0.005298137664794922
186,1a6449f1,1.0,1.0,1.0,7,0.029230117797851562
187,bbb1b8b6,1.0,1.0,1.0,7,0.0029549598693847656
188,94f9d214,1.0,1.0,1.0,8,0.0002300739288330078
189,195ba7dc,1.0,1.0,1.0,8,0.0006959438323974609
190,ff805c23,1.0,1.0,1.0,8,0.0005540847778320312
191,9f27f097,1.0,1.0,1.0,8,0.002421855926513672
192,310f3251,1.0,1.0,1.0,8,0.002095937728881836
193,e50d258f,1.0,1.0,1.0,8,0.002704143524169922
194,e76a88a6,1.0,1.0,1.0,8,0.0013909339904785156
195,7e02026e,1.0,1.0,1.0,8,0.008314847946166992
196,6ea4a07e,1.0,1.0,1.0,8,0.0002377033233642578
197,5c0a986e,1.0,1.0,1.0,8,0.0008180141448974609
198,f2829549,1.0,1.0,1.0,8,0.0004911422729492188
199,810b9b61,1.0,1.0,1.0,8,0.0030069351196289062
200,d19f7514,1.0,1.0,1.0,8,0.0014452934265136719
201,54d82841,1.0,1.0,1.0,8,0.0007610321044921875
202,66f2d22f,1.0,1.0,1.0,8,0.0006470680236816406
203,929ab4e9,1.0,1.0,1.0,8,0.009657144546508789
204,e345f17b,1.0,1.0,1.0,8,0.0005640983581542969
205,0c9aba6e,1.0,1.0,1.0,8,0.0013837814331054688
206,506d28a5,1.0,1.0,1.0,8,0.0004611015319824219
207,e2092e0c,1.0,1.0,1.0,8,0.0222170352935791
208,60b61512,1.0,1.0,1.0,8,0.0019779205322265625
209,e8593010,1.0,1.0,1.0,8,0.001383066177368164
210,b230c067,1.0,1.0,1.0,8,0.0039768218994140625
211,fcb5c309,1.0,1.0,1.0,8,0.0030639171600341797
212,67a423a3,1.0,1.0,1.0,8,0.0007998943328857422
213,fafffa47,1.0,1.0,1.0,8,0.0002872943878173828
214,a61f2674,1.0,1.0,1.0,8,0.0008308887481689453
215,7039b2d7,1.0,1.0,1.0,8,0.011424064636230469
216,e133d23d,1.0,1.0,1.0,8,0.0005412101745605469
217,d13f3404,1.0,1.0,1.0,8,0.001069784164428711
218,6d75e8bb,1.0,1.0,1.0,8,0.0018229484558105469
219,5d2a5c43,1.0,1.0,1.0,8,0.001077890396118164
220,e7dd8335,1.0,1.0,1.0,8,0.0006630420684814453
221,ce4f8723,1.0,1.0,1.0,8,0.00021314620971679688
222,3f7978a0,1.0,1.0,1.0,8,0.0011510848999023438
223,dc433765,1.0,1.0,1.0,8,0.004941225051879883
224,25d8a9c8,1.0,1.0,1.0,8,0.013309001922607422
225,a1570a43,1.0,1.0,1.0,8,0.002753019332885742
226,239be575,1.0,1.0,1.0,8,0.0034761428833007812
227,6430c8c4,1.0,1.0,1.0,8,0.0003509521484375
228,903d1b4a,1.0,1.0,1.0,8,0.004925966262817383
229,7f4411dc,1.0,1.0,1.0,8,0.0008571147918701172
230,6e02f1e3,1.0,1.0,1.0,8,0.00029015541076660156
231,1190e5a7,1.0,1.0,1.0,8,0.0020940303802490234
232,60a26a3e,1.0,1.0,1.0,8,0.02252197265625
233,7c008303,1.0,1.0,1.0,8,0.0005919933319091797
234,444801d8,1.0,1.0,1.0,9,0.005071878433227539
235,6e82a1ae,1.0,1.0,1.0,9,0.001154184341430664
236,681b3aeb,1.0,1.0,1.0,9,0.0007700920104980469
237,4852f2fa,0.8,1.0,0.8571428571428571,9,0.0008177757263183594
238,358ba94e,1.0,1.0,1.0,9,0.005839109420776367
239,da2b0fe3,1.0,1.0,1.0,9,0.01926589012145996
240,aee291af,1.0,1.0,1.0,9,0.010397195816040039
241,025d127b,1.0,1.0,1.0,9,0.0020020008087158203
242,137eaa0f,1.0,1.0,1.0,9,0.0026607513427734375
243,c3202e5a,1.0,1.0,1.0,9,0.0037279129028320312
244,5b6cbef5,1.0,1.0,1.0,9,0.0011968612670898438
245,67636eac,1.0,1.0,1.0,9,0.0020189285278320312
246,868de0fa,1.0,1.0,1.0,9,0.028386831283569336
247,2c608aff,1.0,1.0,1.0,9,0.01314687728881836
248,b8cdaf2b,1.0,1.0,1.0,9,0.0010008811950683594
249,d90796e8,1.0,1.0,1.0,9,0.0030870437622070312
250,b8825c91,1.0,1.0,1.0,9,0.008226871490478516
251,1f642eb9,1.0,1.0,1.0,9,0.005444765090942383
252,f0afb749,1.0,1.0,1.0,9,0.008791208267211914
253,0692e18c,1.0,1.0,1.0,9,0.000990152359008789
254,0b17323b,1.0,1.0,1.0,9,0.0021529197692871094
255,25d487eb,1.0,1.0,1.0,9,0.002351045608520508
256,22168020,1.0,1.0,1.0,9,0.025103092193603516
257,8f2ea7aa,1.0,1.0,1.0,9,0.0031719207763671875
258,7ddcd7ec,1.0,1.0,1.0,9,0.002057313919067383
259,6a11f6da,1.0,1.0,1.0,9,0.0005509853363037109
260,27a77e38,1.0,1.0,1.0,9,0.000179290771484375
261,8e5a5113,1.0,1.0,1.0,9,0.0002551078796386719
262,253bf280,1.0,1.0,1.0,9,0.007712841033935547
263,bbc9ae5d,1.0,1.0,1.0,9,0.0016450881958007812
264,917bccba,1.0,1.0,1.0,9,0.0013759136199951172
265,2281f1f4,1.0,1.0,1.0,9,0.0014581680297851562
266,e7a25a18,1.0,1.0,1.0,9,0.0009479522705078125
267,b2862040,1.0,1.0,1.0,9,0.010768890380859375
268,6455b5f5,1.0,1.0,1.0,9,0.010054349899291992
269,d364b489,1.0,1.0,1.0,9,0.00047397613525390625
270,e66aafb8,1.0,1.0,1.0,9,0.030325889587402344
271,27a28665,1.0,1.0,1.0,9,0.0012049674987792969
272,4be741c5,1.0,1.0,1.0,9,0.003976106643676758
273,72ca375d,1.0,1.0,1.0,9,0.0026187896728515625
274,3bd67248,1.0,1.0,1.0,9,0.0004239082336425781
275,fcc82909,1.0,1.0,1.0,9,0.005808115005493164
276,31aa019c,1.0,1.0,1.0,9,0.0004558563232421875
277,bda2d7a6,1.0,1.0,1.0,9,0.0010981559753417969
278,cf98881b,1.0,1.0,1.0,9,0.00030994415283203125
279,d4f3cd78,1.0,1.0,1.0,9,0.0005359649658203125
280,bd4472b8,1.0,1.0,1.0,9,0.00016498565673828125
281,7d1f7ee8,1.0,1.0,1.0,9,0.7855701446533203
282,cce03e0d,1.0,1.0,1.0,9,0.0007638931274414062
283,3ac3eb23,1.0,1.0,1.0,9,0.0011432170867919922
284,a5f85a15,1.0,1.0,1.0,9,0.0009529590606689453
285,505fff84,1.0,1.0,1.0,9,0.003949880599975586
286,694f12f3,1.0,1.0,1.0,9,0.0023767948150634766
287,0becf7df,1.0,1.0,1.0,9,0.0022459030151367188
288,73251a56,1.0,1.0,1.0,9,0.006351947784423828
289,aa18de87,1.0,1.0,1.0,10,0.00830698013305664
290,7c8af763,1.0,1.0,1.0,10,0.019602060317993164
291,11852cab,1.0,1.0,1.0,10,0.001544952392578125
292,f9d67f8b,1.0,0.0,0.8,10,0.08824777603149414
293,88a62173,1.0,1.0,1.0,10,0.00012111663818359375
294,2037f2c7,1.0,1.0,1.0,10,0.011853218078613281
295,27f8ce4f,1.0,1.0,1.0,10,0.0014319419860839844
296,7c9b52a0,1.0,1.0,1.0,10,0.010502099990844727
297,8e2edd66,1.0,1.0,1.0,10,0.0007941722869873047
298,782b5218,1.0,1.0,1.0,10,0.0018210411071777344
299,31d5ba1a,1.0,1.0,1.0,10,0.0004401206970214844
300,09c534e7,1.0,1.0,1.0,10,0.029664039611816406
301,15696249,1.0,1.0,1.0,10,0.0009121894836425781
302,3428a4f5,1.0,1.0,1.0,10,0.0005481243133544922
303,12eac192,1.0,1.0,1.0,10,0.005856990814208984
304,67b4a34d,1.0,1.0,1.0,10,0.014892101287841797
305,ad7e01d0,1.0,1.0,1.0,10,0.0011508464813232422
306,48f8583b,1.0,1.0,1.0,10,0.0009410381317138672
307,c0f76784,1.0,1.0,1.0,10,0.004153013229370117
308,8eb1be9a,1.0,1.0,1.0,10,0.004327297210693359
309,1b60fb0c,1.0,1.0,1.0,10,0.017273902893066406
310,ddf7fa4f,1.0,1.0,1.0,10,0.002877950668334961
311,321b1fc6,1.0,1.0,1.0,10,0.0019037723541259766
312,d4469b4b,1.0,1.0,1.0,10,0.0005011558532714844
313,d492a647,1.0,1.0,1.0,10,0.025793075561523438
314,3b4c2228,1.0,1.0,1.0,10,0.001390218734741211
315,dc0a314f,1.0,1.0,1.0,10,0.003183126449584961
316,f4081712,1.0,1.0,1.0,10,0.013219118118286133
317,de1cd16c,1.0,1.0,1.0,10,0.02766895294189453
318,21f83797,1.0,1.0,1.0,10,0.015292167663574219
319,6b9890af,1.0,1.0,1.0,10,0.0059490203857421875
320,ef26cbf6,1.0,1.0,1.0,10,0.0030698776245117188
321,80af3007,1.0,1.0,1.0,10,0.008140802383422852
322,f8b3ba0a,1.0,1.0,1.0,10,0.0010743141174316406
323,88a10436,1.0,1.0,1.0,10,0.0009210109710693359
324,37d3e8b2,1.0,1.0,1.0,10,0.018744945526123047
325,3de23699,1.0,1.0,1.0,10,0.0006151199340820312
326,d47aa2ff,1.0,1.0,1.0,10,0.0037450790405273438
327,a9f96cdd,1.0,1.0,1.0,10,0.0003428459167480469
328,1caeab9d,1.0,1.0,1.0,10,0.0038242340087890625
329,5b526a93,1.0,1.0,1.0,10,0.004439115524291992
330,bb52a14b,1.0,1.0,1.0,10,0.021003007888793945
331,d37a1ef5,1.0,1.0,1.0,10,0.0012269020080566406
332,b548a754,1.0,1.0,1.0,10,0.003001689910888672
333,623ea044,1.0,1.0,1.0,10,0.0011179447174072266
334,178fcbfb,1.0,1.0,1.0,10,0.0013959407806396484
335,1fad071e,1.0,1.0,1.0,10,0.0010459423065185547
336,c3e719e8,1.0,1.0,1.0,10,0.001129150390625
337,5ad4f10b,1.0,1.0,1.0,10,0.01663517951965332
338,3eda0437,1.0,1.0,1.0,10,0.5967860221862793
339,83302e8f,1.0,1.0,1.0,10,0.04208111763000488
340,34b99a2b,1.0,1.0,1.0,10,0.002045869827270508
341,bdad9b1f,1.0,1.0,1.0,10,0.011132240295410156
342,890034e9,1.0,1.0,1.0,10,0.015945911407470703
343,77fdfe62,1.0,1.0,1.0,10,0.0016531944274902344
344,d8c310e9,1.0,1.0,1.0,10,0.0042917728424072266
345,6c434453,1.0,1.0,1.0,10,0.004395008087158203
346,794b24be,1.0,1.0,1.0,10,0.0003178119659423828
347,47c1f68c,1.0,1.0,1.0,10,0.01057291030883789
348,54d9e175,1.0,1.0,1.0,10,0.0019788742065429688
349,af902bf9,1.0,1.0,1.0,10,0.004395961761474609
350,23581191,1.0,1.0,1.0,10,0.008848190307617188
351,c8cbb738,1.0,1.0,1.0,10,0.0027027130126953125
352,a3325580,1.0,1.0,1.0,10,0.0027132034301757812
353,99b1bc43,1.0,1.0,1.0,10,0.0002689361572265625
354,45737921,1.0,1.0,1.0,11,0.0017571449279785156
355,981571dc,1.0,1.0,1.0,11,0.03569483757019043
356,6f473927,1.0,1.0,1.0,11,0.000759124755859375
357,8fbca751,1.0,1.0,1.0,11,0.004595756530761719
358,7e0986d6,1.0,1.0,1.0,11,0.0009789466857910156
359,c7d4e6ad,1.0,1.0,1.0,11,0.01036691665649414
360,2c737e39,1.0,1.0,1.0,11,0.0023369789123535156
361,4ff4c9da,1.0,1.0,1.0,11,0.052983999252319336
362,a04b2602,1.0,1.0,1.0,11,0.019934892654418945
363,8597cfd7,1.0,1.0,1.0,11,0.00019288063049316406
364,ed74f2f2,1.0,1.0,1.0,11,0.00979304313659668
365,009d5c81,1.0,1.0,1.0,11,0.008492708206176758
366,ff28f65a,1.0,1.0,1.0,11,0.0022270679473876953
367,575b1a71,1.0,1.0,1.0,11,0.0005910396575927734
368,a85d4709,1.0,1.0,1.0,11,0.0006878376007080078
369,eb281b96,1.0,1.0,1.0,11,8.106231689453125e-05
370,c444b776,1.0,1.0,1.0,11,0.02700209617614746
371,760b3cac,1.0,1.0,1.0,11,0.00025010108947753906
372,6ecd11f4,1.0,1.0,1.0,11,0.01605701446533203
373,2a5f8217,1.0,1.0,1.0,11,0.009796857833862305
374,feca6190,1.0,1.0,1.0,11,0.002604961395263672
375,09629e4f,1.0,1.0,1.0,11,0.014172077178955078
376,d4a91cb9,1.0,1.0,1.0,11,0.00036978721618652344
377,e69241bd,1.0,1.0,1.0,11,0.0051610469818115234
378,c074846d,1.0,1.0,1.0,11,0.000736236572265625
379,817e6c09,1.0,1.0,1.0,11,0.0022661685943603516
380,85b81ff1,1.0,1.0,1.0,12,0.028692245483398438
381,aa300dc3,1.0,1.0,1.0,12,0.13710999488830566
382,47996f11,1.0,1.0,1.0,12,0.07729911804199219
383,15113be4,1.0,1.0,1.0,12,0.024371862411499023
384,e41c6fd3,1.0,1.0,1.0,12,0.004513978958129883
385,31adaf00,1.0,1.0,1.0,12,0.014501094818115234
386,281123b4,1.0,1.0,1.0,12,0.0016679763793945312
387,c92b942c,0.75,1.0,0.8,12,0.0104827880859375
388,ce039d91,1.0,1.0,1.0,12,0.0009338855743408203
389,90347967,1.0,1.0,1.0,12,0.0025200843811035156
390,070dd51e,1.0,1.0,1.0,12,0.0021009445190429688
391,beb8660c,1.0,1.0,1.0,12,0.0014867782592773438
392,c35c1b4c,0.6666666666666666,1.0,0.75,12,0.0006811618804931641
393,3a301edc,1.0,1.0,1.0,12,0.01226186752319336
394,ea9794b1,1.0,1.0,1.0,12,0.0012919902801513672
395,a68b268e,1.0,1.0,1.0,12,0.009662151336669922
396,33b52de3,1.0,1.0,1.0,12,0.011721134185791016
397,be03b35f,1.0,1.0,1.0,12,0.0031571388244628906
398,25094a63,1.0,1.0,1.0,12,0.07089781761169434
399,52fd389e,1.0,1.0,1.0,12,0.031764984130859375
400,b4a43f3b,1.0,0.0,0.8,12,0.0022208690643310547
401,7ee1c6ea,1.0,1.0,1.0,12,0.0009453296661376953
402,0962bcdd,1.0,1.0,1.0,12,0.009364128112792969
403,f5c89df1,1.0,1.0,1.0,12,0.006552934646606445
404,bf32578f,1.0,1.0,1.0,12,0.001165628433227539
405,c8b7cc0f,1.0,1.0,1.0,12,0.0004150867462158203
406,913fb3ed,1.0,1.0,1.0,12,0.0030760765075683594
407,e99362f0,1.0,1.0,1.0,12,0.0012450218200683594
408,92e50de0,1.0,1.0,1.0,13,0.0177001953125
409,af24b4cc,1.0,1.0,1.0,13,0.0039560794830322266
410,95990924,1.0,1.0,1.0,13,0.0030090808868408203
411,0d87d2a6,1.0,1.0,1.0,13,0.07592105865478516
412,d94c3b52,1.0,1.0,1.0,13,0.05546307563781738
413,62b74c02,1.0,1.0,1.0,13,0.001332998275756836
414,9c56f360,1.0,1.0,1.0,13,0.01146078109741211
415,d43fd935,1.0,1.0,1.0,13,0.0024580955505371094
416,05269061,1.0,1.0,1.0,13,0.010356903076171875
417,db3e9e38,1.0,1.0,1.0,13,0.07506203651428223
418,e9b4f6fc,1.0,1.0,1.0,13,0.006905794143676758
419,e509e548,1.0,1.0,1.0,13,0.0029799938201904297
420,e73095fd,1.0,1.0,1.0,13,0.009927034378051758
421,3631a71a,1.0,1.0,1.0,13,0.04722094535827637
422,11e1fe23,1.0,1.0,1.0,13,0.0010771751403808594
423,bc1d5164,1.0,1.0,1.0,14,0.0005927085876464844
424,93b581b8,1.0,1.0,1.0,14,0.0028562545776367188
425,91714a58,1.0,1.0,1.0,14,0.04060697555541992
426,a61ba2ce,1.0,1.0,1.0,14,0.0010941028594970703
427,0934a4d8,1.0,0.0,0.8,14,0.03637504577636719
428,ce602527,1.0,1.0,1.0,14,0.002598285675048828
429,18419cfa,1.0,1.0,1.0,14,0.08045601844787598
430,692cd3b6,1.0,1.0,1.0,14,0.0065190792083740234
431,a65b410d,1.0,1.0,1.0,14,0.002371072769165039
432,93b4f4b3,1.0,1.0,1.0,14,0.006928920745849609
433,8e1813be,1.0,1.0,1.0,14,0.014822959899902344
434,9edfc990,1.0,1.0,1.0,14,0.01705169677734375
435,2c0b0aff,1.0,1.0,1.0,14,0.0649111270904541
436,292dd178,1.0,1.0,1.0,14,0.005711078643798828
437,6df30ad6,1.0,1.0,1.0,14,0.005686044692993164
438,1bfc4729,1.0,1.0,1.0,14,0.0010008811950683594
439,97999447,1.0,1.0,1.0,14,0.0018379688262939453
440,759f3fd3,1.0,1.0,1.0,14,0.03406691551208496
441,7447852a,1.0,1.0,1.0,14,0.0038766860961914062
442,00dbd492,1.0,1.0,1.0,14,0.02033400535583496
443,9af7a82c,1.0,1.0,1.0,15,0.0009169578552246094
444,55783887,1.0,1.0,1.0,15,0.0041539669036865234
445,5c2c9af4,1.0,1.0,1.0,15,0.025507211685180664
446,50a16a69,1.0,1.0,1.0,15,0.08488702774047852
447,ba9d41b8,1.0,1.0,1.0,15,0.016978979110717773
448,6cf79266,1.0,1.0,1.0,15,0.022638797760009766
449,695367ec,1.0,1.0,1.0,15,0.007243633270263672
450,6e19193c,1.0,1.0,1.0,15,0.0025577545166015625
451,fafd9572,1.0,1.0,1.0,15,0.0017840862274169922
452,9b4c17c4,1.0,1.0,1.0,15,0.02634906768798828
453,d687bc17,1.0,1.0,1.0,15,0.0067920684814453125
454,e619ca6e,1.0,1.0,1.0,15,0.004845619201660156
455,4093f84a,1.0,1.0,1.0,15,0.0010857582092285156
456,22a4bbc2,1.0,1.0,1.0,15,0.019080162048339844
457,c3f564a4,1.0,1.0,1.0,15,0.04503583908081055
458,941d9a10,1.0,1.0,1.0,15,0.0026209354400634766
459,cbded52d,1.0,1.0,1.0,15,0.02163100242614746
460,af22c60d,1.0,1.0,1.0,15,0.06195712089538574
461,f21745ec,1.0,1.0,1.0,15,0.01933002471923828
462,72a961c9,1.0,1.0,1.0,15,0.00742793083190918
463,a8610ef7,0.75,1.0,0.8,15,0.0004279613494873047
464,8a004b2b,1.0,1.0,1.0,15,0.009741067886352539
465,ef135b50,1.0,1.0,1.0,15,0.05718803405761719
466,75b8110e,1.0,1.0,1.0,15,0.0013120174407958984
467,762cd429,1.0,1.0,1.0,15,0.14859604835510254
468,72207abc,1.0,1.0,1.0,15,0.007227182388305664
469,4364c1c4,1.0,1.0,1.0,15,0.003320932388305664
470,a87f7484,1.0,1.0,1.0,15,0.0006721019744873047
471,e26a3af2,1.0,1.0,1.0,15,0.0011179447174072266
472,1a07d186,1.0,1.0,1.0,15,0.009762048721313477
473,705a3229,1.0,1.0,1.0,16,0.01226806640625
474,8a371977,1.0,1.0,1.0,16,0.05321502685546875
475,aa4ec2a5,1.0,1.0,1.0,16,0.0974729061126709
476,88207623,1.0,1.0,1.0,16,0.0037810802459716797
477,5289ad53,1.0,1.0,1.0,16,0.002254009246826172
478,414297c0,1.0,1.0,1.0,16,0.23772501945495605
479,b7fb29bc,1.0,1.0,1.0,16,0.0027320384979248047
480,5af49b42,1.0,1.0,1.0,16,0.0031409263610839844
481,e1baa8a4,1.0,1.0,1.0,16,0.0025260448455810547
482,e57337a4,1.0,1.0,1.0,16,0.003222942352294922
483,963e52fc,1.0,1.0,1.0,16,0.0012271404266357422
484,ba26e723,1.0,1.0,1.0,16,0.0010538101196289062
485,4612dd53,1.0,1.0,1.0,16,0.0024309158325195312
486,ae3edfdc,1.0,1.0,1.0,16,0.011433839797973633
487,1f0c79e5,1.0,1.0,1.0,16,0.0014429092407226562
488,c658a4bd,1.0,1.0,1.0,16,0.005222797393798828
489,a680ac02,1.0,1.0,1.0,16,0.01839900016784668
490,29c11459,1.0,1.0,1.0,16,0.004564046859741211
491,516b51b7,1.0,1.0,1.0,16,0.037899017333984375
492,12422b43,1.0,1.0,1.0,16,0.005661964416503906
493,2697da3f,1.0,1.0,1.0,17,0.0007040500640869141
494,ce8d95cc,1.0,1.0,1.0,17,0.002630949020385742
495,e9c9d9a1,1.0,1.0,1.0,17,0.010145187377929688
496,42a15761,1.0,1.0,1.0,17,0.00756382942199707
497,e48d4e1a,1.0,1.0,1.0,17,0.0014247894287109375
498,770cc55f,1.0,1.0,1.0,17,0.0075457096099853516
499,e1d2900e,0.6666666666666666,1.0,0.75,17,0.011520862579345703
500,e9bb6954,1.0,1.0,1.0,17,0.021575927734375
501,56dc2b01,1.0,1.0,1.0,17,0.00826716423034668
502,a406ac07,1.0,1.0,1.0,17,0.00844883918762207
503,e633a9e5,1.0,1.0,1.0,17,0.0009589195251464844
504,f45f5ca7,1.0,1.0,1.0,17,0.0013659000396728516
505,aab50785,1.0,1.0,1.0,17,0.0196530818939209
506,73c3b0d8,1.0,1.0,1.0,17,0.0013408660888671875
507,3391f8c0,1.0,1.0,1.0,17,0.010004043579101562
508,2685904e,1.0,1.0,1.0,17,0.009270906448364258
509,6773b310,1.0,1.0,1.0,17,0.002727985382080078
510,e7b06bea,0.8,1.0,0.8333333333333334,17,0.03459286689758301
511,834ec97d,1.0,1.0,1.0,18,0.0009770393371582031
512,5207a7b5,1.0,1.0,1.0,18,0.0013921260833740234
513,4cd1b7b2,1.0,1.0,1.0,18,0.005438804626464844
514,45bbe264,1.0,1.0,1.0,18,0.041159868240356445
515,673ef223,1.0,1.0,1.0,18,0.0032427310943603516
516,b782dc8a,1.0,1.0,1.0,18,0.01023721694946289
517,d9f24cd1,1.0,1.0,1.0,18,0.0015370845794677734
518,8719f442,1.0,1.0,1.0,18,0.009974956512451172
519,a8d7556c,1.0,1.0,1.0,18,0.005896329879760742
520,780d0b14,1.0,1.0,1.0,18,0.02548813819885254
521,e5062a87,1.0,1.0,1.0,18,0.006078958511352539
522,f83cb3f6,1.0,1.0,1.0,18,0.004241228103637695
523,2204b7a8,1.0,1.0,1.0,18,0.004034996032714844
524,846bdb03,1.0,1.0,1.0,18,0.002593994140625
525,f5b8619d,1.0,1.0,1.0,18,0.0011088848114013672
526,f8c80d96,1.0,1.0,1.0,18,0.01711583137512207
527,20981f0e,1.0,1.0,1.0,18,0.01126408576965332
528,3d31c5b3,1.0,1.0,1.0,18,0.0007598400115966797
529,b7999b51,1.0,1.0,1.0,18,0.003809213638305664
530,ca8de6ea,1.0,1.0,1.0,18,0.0012469291687011719
531,58743b76,1.0,1.0,1.0,18,0.0259249210357666
532,e681b708,1.0,1.0,1.0,18,0.04100203514099121
533,4938f0c2,1.0,1.0,1.0,18,0.0025229454040527344
534,c1990cce,1.0,1.0,1.0,18,0.0021202564239501953
535,9110e3c5,1.0,1.0,1.0,18,0.0005388259887695312
536,ecdecbb3,1.0,1.0,1.0,18,0.027963876724243164
537,90f3ed37,1.0,1.0,1.0,18,0.009423971176147461
538,3f23242b,1.0,1.0,1.0,18,0.0055201053619384766
539,b7f8a4d8,1.0,1.0,1.0,18,0.07678103446960449
540,551d5bf1,1.0,1.0,1.0,19,0.15967178344726562
541,29700607,1.0,1.0,1.0,19,0.009884119033813477
542,dd2401ed,0.5,1.0,0.6,19,0.0015079975128173828
543,d931c21c,0.75,1.0,0.8,19,0.03898906707763672
544,8cb8642d,1.0,1.0,1.0,19,0.021955251693725586
545,bf89d739,1.0,1.0,1.0,19,0.005446910858154297
546,8dae5dfc,1.0,1.0,1.0,19,0.06986594200134277
547,94133066,1.0,1.0,1.0,19,0.034908294677734375
548,539a4f51,1.0,1.0,1.0,19,0.0008931159973144531
549,f3cdc58f,1.0,1.0,1.0,19,0.0011692047119140625
550,137f0df0,1.0,1.0,1.0,19,0.020105838775634766
551,91413438,1.0,1.0,1.0,19,0.004788875579833984
552,5daaa586,1.0,1.0,1.0,19,0.01923990249633789
553,3bdb4ada,1.0,1.0,1.0,19,0.003913164138793945
554,8403a5d5,1.0,1.0,1.0,19,0.0025429725646972656
555,9bebae7a,1.0,1.0,1.0,19,0.0016608238220214844
556,0e671a1a,1.0,1.0,1.0,19,0.001194000244140625
557,423a55dc,1.0,0.0,0.8333333333333334,19,0.0010941028594970703
558,ec883f72,1.0,1.0,1.0,19,0.0053751468658447266
559,e40b9e2f,1.0,1.0,1.0,20,0.008656740188598633
560,2bee17df,1.0,1.0,1.0,20,0.002295970916748047
561,a2fd1cf0,1.0,1.0,1.0,20,0.0006082057952880859
562,8731374e,1.0,1.0,1.0,20,0.033148765563964844
563,53b68214,1.0,1.0,1.0,20,0.004765033721923828
564,e8dc4411,1.0,1.0,1.0,20,0.0008997917175292969
565,54db823b,1.0,1.0,1.0,20,0.02441120147705078
566,fb791726,1.0,1.0,1.0,20,0.005410194396972656
567,b0c4d837,1.0,1.0,1.0,20,0.0005087852478027344
568,29623171,1.0,1.0,1.0,20,0.005281209945678711
569,7d18a6fb,1.0,1.0,1.0,20,0.01793503761291504
570,df8cc377,1.0,1.0,1.0,20,0.018461942672729492
571,db93a21d,1.0,1.0,1.0,20,0.03122401237487793
572,d6ad076f,1.0,1.0,1.0,20,0.0034928321838378906
573,272f95fa,1.0,1.0,1.0,20,0.008642911911010742
574,1c02dbbe,1.0,1.0,1.0,20,0.003965854644775391
575,2f0c5170,1.0,1.0,1.0,20,0.014854907989501953
576,d304284e,1.0,1.0,1.0,21,0.0018908977508544922
577,9772c176,1.0,1.0,1.0,21,0.17348313331604004
578,cdecee7f,1.0,1.0,1.0,21,0.002155780792236328
579,6cdd2623,1.0,1.0,1.0,21,0.007360935211181641
580,bd14c3bf,1.0,1.0,1.0,21,0.02897787094116211
581,8d510a79,1.0,1.0,1.0,21,0.0024001598358154297
582,50aad11f,1.0,1.0,1.0,21,0.006222963333129883
583,a3df8b1e,1.0,1.0,1.0,21,0.0014939308166503906
584,3345333e,1.0,1.0,1.0,21,0.003464937210083008
585,b190f7f5,1.0,1.0,1.0,21,0.0016970634460449219
586,cad67732,1.0,1.0,1.0,21,0.0012810230255126953
587,642248e4,1.0,1.0,1.0,21,0.014647960662841797
588,1e97544e,1.0,1.0,1.0,21,0.04342198371887207
589,4522001f,1.0,1.0,1.0,22,0.0007641315460205078
590,2b01abd0,1.0,1.0,1.0,22,0.011482000350952148
591,06df4c85,1.0,1.0,1.0,22,0.05146908760070801
592,746b3537,1.0,1.0,1.0,22,0.0018811225891113281
593,d2acf2cb,1.0,1.0,1.0,22,0.0019309520721435547
594,d5c634a2,1.0,1.0,1.0,22,0.0033168792724609375
595,0a2355a6,1.0,1.0,1.0,22,0.06290912628173828
596,caa06a1f,1.0,1.0,1.0,22,0.022639751434326172
597,a48eeaf7,1.0,1.0,1.0,22,0.0030341148376464844
598,63613498,1.0,1.0,1.0,22,0.0015108585357666016
599,12997ef3,1.0,1.0,1.0,22,0.006899118423461914
600,97239e3d,1.0,1.0,1.0,22,0.01902604103088379
601,f9012d9b,1.0,1.0,1.0,22,0.02019214630126953
602,639f5a19,1.0,1.0,1.0,22,0.07494497299194336
603,d89b689b,1.0,1.0,1.0,22,0.006001949310302734
604,ac0c5833,0.6666666666666666,1.0,0.75,22,0.08130884170532227
605,03560426,1.0,1.0,1.0,22,0.0030384063720703125
606,fe9372f3,1.0,1.0,1.0,22,0.02096700668334961
607,4e469f39,1.0,1.0,1.0,22,0.018391847610473633
608,a57f2f04,1.0,1.0,1.0,22,0.15946602821350098
609,e21d9049,1.0,1.0,1.0,22,0.012578964233398438
610,ff72ca3e,1.0,1.0,1.0,22,0.08095002174377441
611,95a58926,1.0,1.0,1.0,22,0.03583192825317383
612,c663677b,1.0,1.0,1.0,23,0.4893381595611572
613,0f63c0b9,1.0,1.0,1.0,23,0.03839921951293945
614,e179c5f4,1.0,1.0,1.0,23,0.00090789794921875
615,9def23fe,1.0,1.0,1.0,23,0.03138995170593262
616,36fdfd69,1.0,1.0,1.0,23,0.06791186332702637
617,0a938d79,1.0,1.0,1.0,23,0.004673957824707031
618,e95e3d8e,1.0,1.0,1.0,23,0.25458574295043945
619,4c177718,1.0,1.0,1.0,23,0.027634859085083008
620,de493100,1.0,1.0,1.0,23,0.07678604125976562
621,1d0a4b61,1.0,1.0,1.0,23,0.3017559051513672
622,992798f6,1.0,1.0,1.0,23,0.005362749099731445
623,d06dbe63,1.0,1.0,1.0,23,0.0006358623504638672
624,4e45f183,0.6666666666666666,1.0,0.75,23,0.04549813270568848
625,eb5a1d5d,1.0,1.0,1.0,23,0.0227048397064209
626,228f6490,1.0,1.0,1.0,23,0.008864164352416992
627,604001fa,1.0,1.0,1.0,23,0.011331796646118164
628,995c5fa3,1.0,1.0,1.0,23,0.0017688274383544922
629,ca8f78db,1.0,1.0,1.0,23,0.717750072479248
630,b1fc8b8e,1.0,1.0,1.0,23,0.0018858909606933594
631,c64f1187,1.0,1.0,1.0,23,0.01738905906677246
632,50f325b5,1.0,1.0,1.0,23,0.051297903060913086
633,e78887d1,1.0,1.0,1.0,23,0.0009469985961914062
634,a78176bb,1.0,1.0,1.0,24,0.014297008514404297
635,3ee1011a,1.0,1.0,1.0,24,0.005550861358642578
636,94414823,1.0,1.0,1.0,24,0.039054155349731445
637,79369cc6,1.0,1.0,1.0,24,0.056652069091796875
638,c6e1b8da,1.0,1.0,1.0,24,0.008273839950561523
639,2753e76c,1.0,1.0,1.0,24,0.012243986129760742
640,99fa7670,1.0,1.0,1.0,24,0.0027298927307128906
641,855e0971,1.0,1.0,1.0,24,0.043398141860961914
642,ac3e2b04,1.0,1.0,1.0,24,0.03092503547668457
643,72322fa7,1.0,1.0,1.0,24,0.04272198677062988
644,82819916,1.0,1.0,1.0,24,0.0022897720336914062
645,13713586,1.0,1.0,1.0,24,0.5500092506408691
646,1990f7a8,1.0,1.0,1.0,24,0.004611015319824219
647,045e512c,1.0,1.0,1.0,24,0.0076868534088134766
648,e88171ec,1.0,1.0,1.0,25,1.0854299068450928
649,447fd412,1.0,1.0,1.0,25,0.06513500213623047
650,d4c90558,1.0,1.0,1.0,25,0.008416891098022461
651,0a1d4ef5,1.0,1.0,1.0,25,0.08899188041687012
652,9caba7c3,1.0,1.0,1.0,25,0.13040375709533691
653,6aa20dc0,1.0,1.0,1.0,25,0.17175722122192383
654,6d58a25d,1.0,1.0,1.0,25,0.008708000183105469
655,baf41dbf,1.0,1.0,1.0,25,0.31063008308410645
656,952a094c,1.0,1.0,1.0,25,0.002696990966796875
657,e6721834,1.0,1.0,1.0,25,0.01765608787536621
658,c97c0139,1.0,1.0,1.0,25,0.22677993774414062
659,36d67576,1.0,1.0,1.0,26,0.12863731384277344
660,e9ac8c9e,1.0,1.0,1.0,26,0.007030010223388672
661,17cae0c1,1.0,1.0,1.0,26,0.001850128173828125
662,d282b262,1.0,0.0,0.75,26,0.2683568000793457
663,1da012fc,1.0,1.0,1.0,26,0.018419981002807617
664,81c0276b,1.0,1.0,1.0,26,0.012674093246459961
665,776ffc46,1.0,1.0,1.0,26,0.009455204010009766
666,98cf29f8,1.0,1.0,1.0,26,0.018689870834350586
667,9c1e755f,1.0,1.0,1.0,26,0.029134035110473633
668,cb227835,1.0,1.0,1.0,26,0.004626035690307617
669,2bcee788,1.0,1.0,1.0,26,0.012504100799560547
670,29ec7d0e,1.0,1.0,1.0,26,0.0943758487701416
671,ecaa0ec1,1.0,1.0,1.0,26,0.003821134567260742
672,f35d900a,1.0,1.0,1.0,26,0.004321098327636719
673,0dfd9992,1.0,1.0,1.0,26,0.08598875999450684
674,712bf12e,1.0,1.0,1.0,27,0.17685604095458984
675,e4075551,1.0,1.0,1.0,27,0.008817911148071289
676,469497ad,1.0,1.0,1.0,27,0.015244722366333008
677,39e1d7f9,1.0,1.0,1.0,27,0.05707693099975586
678,103eff5b,1.0,1.0,1.0,27,0.13572311401367188
679,c62e2108,1.0,1.0,1.0,27,0.02178192138671875
680,484b58aa,1.0,1.0,1.0,27,0.20008397102355957
681,99306f82,1.0,1.0,1.0,27,0.008585929870605469
682,5a5a2103,1.0,1.0,1.0,27,0.015257120132446289
683,9b2a60aa,1.0,1.0,1.0,28,0.005290031433105469
684,9aec4887,1.0,1.0,1.0,28,0.008846759796142578
685,3befdf3e,1.0,1.0,1.0,28,0.003650188446044922
686,5833af48,1.0,1.0,1.0,29,0.0309908390045166
687,15663ba9,1.0,1.0,1.0,29,0.03362298011779785
688,42918530,1.0,1.0,1.0,29,0.1135108470916748
689,f3e62deb,1.0,1.0,1.0,29,0.00215911865234375
690,3979b1a8,1.0,1.0,1.0,29,0.04293417930603027
691,963f59bc,1.0,1.0,1.0,29,0.0024671554565429688
692,17b80ad2,1.0,1.0,1.0,29,0.13602995872497559
693,dc2e9a9d,1.0,1.0,1.0,29,0.050962209701538086
694,49d1d64f,1.0,1.0,1.0,29,0.0004210472106933594
695,57aa92db,1.0,1.0,1.0,29,0.01244497299194336
696,896d5239,1.0,1.0,1.0,30,0.05264782905578613
697,f8be4b64,1.0,1.0,1.0,30,0.061186790466308594
698,aba27056,1.0,1.0,1.0,30,0.00978398323059082
699,845d6e51,1.0,1.0,1.0,30,0.014925003051757812
700,05a7bcf2,0.6666666666666666,1.0,0.75,30,0.033879995346069336
701,f1cefba8,1.0,1.0,1.0,30,0.011923789978027344
702,4aab4007,1.0,1.0,1.0,31,0.050022125244140625
703,14754a24,1.0,1.0,1.0,31,0.06943798065185547
704,93c31fbe,1.0,1.0,1.0,31,0.05166792869567871
705,28e73c20,1.0,1.0,1.0,31,0.00975799560546875
706,0607ce86,1.0,1.0,1.0,31,0.04172110557556152
707,1e32b0e9,1.0,1.0,1.0,31,0.002073049545288086
708,508bd3b6,1.0,1.0,1.0,32,0.008764982223510742
709,d07ae81c,1.0,1.0,1.0,32,0.012773752212524414
710,a096bf4d,1.0,1.0,1.0,32,0.00730586051940918
711,20818e16,1.0,1.0,1.0,32,0.02742314338684082
712,6d0160f0,1.0,1.0,1.0,32,0.0017502307891845703
713,85fa5666,0.5,1.0,0.6,32,0.010540008544921875
714,e760a62e,1.0,1.0,1.0,32,0.24083924293518066
715,4c5c2cf0,1.0,1.0,1.0,32,0.018360137939453125
716,4b6b68e5,1.0,1.0,1.0,32,0.14436006546020508
717,f8a8fe49,1.0,1.0,1.0,32,0.002542257308959961
718,1c56ad9f,1.0,1.0,1.0,32,0.028497934341430664
719,6a1e5592,1.0,1.0,1.0,33,0.07246613502502441
720,7d419a02,1.0,1.0,1.0,33,0.04842495918273926
721,ea959feb,1.0,1.0,1.0,33,0.19515609741210938
722,94be5b80,1.0,1.0,1.0,33,0.01876211166381836
723,67c52801,1.0,1.0,1.0,33,0.06186103820800781
724,477d2879,1.0,1.0,1.0,34,0.26912593841552734
725,1acc24af,1.0,1.0,1.0,34,0.03548097610473633
726,256b0a75,1.0,1.0,1.0,34,0.029201030731201172
727,fd096ab6,1.0,1.0,1.0,34,0.02269601821899414
728,456873bc,1.0,0.0,0.75,35,0.002833843231201172
729,0e206a2e,1.0,1.0,1.0,35,0.10189700126647949
730,c87289bb,1.0,1.0,1.0,35,0.11030101776123047
731,d22278a0,1.0,1.0,1.0,35,0.5784709453582764
732,0bb8deee,1.0,1.0,1.0,35,0.0028390884399414062
733,f9a67cb5,1.0,1.0,1.0,35,0.18471980094909668
734,fea12743,0.6666666666666666,1.0,0.75,36,0.004354000091552734
735,184a9768,0.3333333333333333,0.0,0.25,37,0.10438084602355957
736,ac2e8ecf,0.6666666666666666,1.0,0.75,37,0.07615327835083008
737,4acc7107,1.0,1.0,1.0,37,0.021082162857055664
738,4290ef0e,1.0,1.0,1.0,37,0.02491474151611328
739,dc2aa30b,1.0,1.0,1.0,38,0.001065969467163086
740,3ed85e70,0.6666666666666666,0.0,0.5,38,0.2507820129394531
741,f3b10344,1.0,1.0,1.0,38,0.0849142074584961
742,50846271,1.0,1.0,1.0,39,0.04645395278930664
743,b7249182,1.0,1.0,1.0,40,0.0026481151580810547
744,150deff5,1.0,1.0,1.0,40,0.00880575180053711
745,08573cc6,1.0,1.0,1.0,40,0.28272199630737305
746,b527c5c6,1.0,1.0,1.0,40,0.021583080291748047
747,b20f7c8b,1.0,1.0,1.0,40,0.06239891052246094
748,9d9215db,1.0,1.0,1.0,41,0.019311904907226562
749,cf133acc,1.0,1.0,1.0,41,0.2341170310974121
750,6855a6e4,1.0,1.0,1.0,41,0.00964498519897461
751,e5790162,1.0,1.0,1.0,42,0.8787970542907715
752,96a8c0cd,1.0,1.0,1.0,42,1.9345109462738037
753,cfb2ce5a,1.0,1.0,1.0,42,0.04918670654296875
754,1d398264,1.0,1.0,1.0,43,0.009685039520263672
755,264363fd,1.0,1.0,1.0,44,0.13291192054748535
756,5b692c0f,1.0,1.0,1.0,45,0.07126808166503906
757,9356391f,1.0,1.0,1.0,45,0.015858888626098633
758,234bbc79,1.0,1.0,1.0,45,0.016317129135131836
759,7df24a62,1.0,1.0,1.0,45,0.0928792953491211
760,f15e1fac,1.0,1.0,1.0,45,0.04698801040649414
761,58e15b12,1.0,1.0,1.0,45,0.011511087417602539
762,e5c44e8f,1.0,1.0,1.0,45,0.009752273559570312
763,5ffb2104,1.0,1.0,1.0,46,0.29305601119995117
764,8b28cd80,1.0,1.0,1.0,46,0.02814006805419922
765,8ba14f53,1.0,1.0,1.0,46,0.009778976440429688
766,22233c11,1.0,1.0,1.0,46,0.0019979476928710938
767,2dd70a9a,1.0,1.0,1.0,47,0.01399087905883789
768,ac605cbb,1.0,1.0,1.0,48,0.013628959655761719
769,a3f84088,1.0,1.0,1.0,48,0.03633475303649902
770,a64e4611,1.0,1.0,1.0,48,38.020686864852905
771,b942fd60,0.6666666666666666,0.0,0.5714285714285714,48,1.0694682598114014
772,9b365c51,1.0,1.0,1.0,49,0.416351318359375
773,7837ac64,1.0,1.0,1.0,50,0.008183002471923828
774,e6de6e8f,0.5,1.0,0.6,50,0.014410018920898438
775,351d6448,1.0,1.0,1.0,50,0.002569913864135742
776,a8c38be5,1.0,1.0,1.0,50,0.00658106803894043
777,79fb03f4,0.6666666666666666,0.0,0.5714285714285714,51,0.05420279502868652
778,fd4b2b02,1.0,1.0,1.0,52,0.018247365951538086
779,136b0064,1.0,1.0,1.0,52,0.009607076644897461
780,696d4842,0.6666666666666666,0.0,0.5,53,0.044007062911987305
781,d017b73f,1.0,1.0,1.0,55,0.004253864288330078
782,626c0bcc,1.0,1.0,1.0,56,0.05571770668029785
783,b7cb93ac,1.0,1.0,1.0,56,85.06677079200745
784,b0f4d537,0.75,1.0,0.8,57,0.12042999267578125
785,b775ac94,1.0,1.0,1.0,57,0.024505138397216797
786,891232d6,1.0,1.0,1.0,58,3.487346887588501
787,69889d6e,1.0,1.0,1.0,58,0.9894101619720459
788,97a05b5b,1.0,1.0,1.0,60,0.11281991004943848
789,b457fec5,1.0,1.0,1.0,60,0.020475149154663086
790,3e980e27,1.0,1.0,1.0,61,0.015046119689941406
791,b15fca0b,1.0,0.0,0.8333333333333334,64,5.711597204208374
792,6ad5bdfd,1.0,1.0,1.0,65,0.24750900268554688
793,3490cc26,1.0,1.0,1.0,65,0.6152799129486084
794,da515329,1.0,1.0,1.0,66,203.0083019733429
795,212895b5,1.0,1.0,1.0,71,0.5941469669342041
796,b9630600,1.0,1.0,1.0,75,1.0210771560668945
797,b0722778,1.0,1.0,1.0,100,0.029722929000854492
798,16b78196,0.5,1.0,0.6666666666666666,156,0.6084480285644531
799,40f6cd08,1.0,1.0,1.0,267,3.1392102241516113
